Count,date,avgTmax,avgTmin,totPrecip
21.0,2009-10-11,79.0,60.0,7.0
0.0,2009-10-18,76.85714285714286,38.285714285714285,2.0
0.0,2009-11-01,76.0,49.714285714285715,0.0
0.0,2009-11-08,76.57142857142857,44.285714285714285,0.0
0.0,2009-11-22,81.0,67.42857142857143,0.0
0.0,2009-11-29,80.14285714285714,59.857142857142854,0.0
0.0,2009-12-06,60.285714285714285,22.142857142857142,0.0
0.0,2009-12-13,56.57142857142857,25.571428571428573,0.0
0.0,2009-12-20,16.0,10.0,0.0
0.0,2009-12-27,32.857142857142854,6.142857142857143,0.0
0.0,2010-01-03,27.714285714285715,17.0,0.0
0.0,2010-01-10,15.0,6.0,0.0
0.0,2010-01-17,24.142857142857142,5.714285714285714,1.0
0.0,2010-01-24,14.714285714285714,11.714285714285714,0.0
0.0,2010-02-07,38.285714285714285,12.714285714285714,1.0
0.0,2010-02-21,28.0,6.714285714285714,0.0
0.0,2010-02-28,53.57142857142857,36.714285714285715,0.0
2.0,2010-12-19,35.42857142857143,9.0,0.0
13.0,2010-12-26,18.857142857142858,8.285714285714286,0.0
28.0,2011-01-02,11.571428571428571,8.285714285714286,1.0
13.0,2011-01-09,12.857142857142858,40.0,0.0
17.0,2011-01-16,56.142857142857146,49.714285714285715,0.0
6.0,2011-01-23,33.142857142857146,29.0,0.0
10.0,2011-01-30,19.714285714285715,9.0,0.0
7.0,2011-02-06,39.714285714285715,20.571428571428573,0.0
12.0,2011-02-13,74.0,36.285714285714285,1.0
2.0,2011-02-20,44.57142857142857,15.571428571428571,1.0
4.0,2011-02-27,39.0,14.142857142857142,1.0
1.0,2011-03-06,70.85714285714286,8.285714285714286,0.0
1.0,2011-03-13,78.14285714285714,28.428571428571427,4.0
3.0,2011-03-20,69.28571428571429,41.42857142857143,0.0
3.0,2011-03-27,59.0,48.57142857142857,0.0
0.0,2011-04-03,59.0,58.0,2.0
0.0,2011-04-10,59.0,59.57142857142857,2.0
0.0,2011-04-17,59.0,44.57142857142857,0.0
0.0,2011-04-24,59.0,71.0,2.0
0.0,2011-05-01,59.0,71.0,0.0
0.0,2011-05-08,59.0,59.857142857142854,0.0
0.0,2011-10-09,59.0,68.57142857142857,0.0
0.0,2011-10-16,59.0,41.0,4.0
0.0,2011-10-23,71.71428571428571,26.714285714285715,2.0
0.0,2011-10-30,82.0,48.57142857142857,0.0
0.0,2011-11-06,82.0,75.71428571428571,0.0
0.0,2011-11-13,71.28571428571429,35.42857142857143,0.0
0.0,2011-11-20,53.42857142857143,26.285714285714285,0.0
0.0,2011-11-27,65.0,34.285714285714285,1.0
0.0,2011-12-04,59.857142857142854,24.571428571428573,0.0
0.0,2011-12-11,64.71428571428571,21.714285714285715,0.0
0.0,2011-12-18,49.142857142857146,13.857142857142858,0.0
0.0,2011-12-25,41.0,17.714285714285715,2.0
0.0,2012-01-01,56.57142857142857,24.714285714285715,0.0
1.0,2012-01-08,66.0,17.571428571428573,0.0
0.0,2012-01-15,57.42857142857143,40.42857142857143,0.0
0.0,2012-01-22,40.857142857142854,26.285714285714285,0.0
0.0,2012-01-29,34.57142857142857,9.714285714285714,0.0
2.0,2012-02-05,2.0,2.0,0.0
1.0,2012-02-12,2.0,2.0,1.0
0.0,2012-02-19,38.42857142857143,14.857142857142858,0.0
2.0,2012-10-07,72.0,68.28571428571429,0.0
0.0,2012-10-14,72.71428571428571,43.857142857142854,0.0
0.0,2012-10-28,69.71428571428571,49.42857142857143,0.0
5.0,2012-11-04,66.28571428571429,35.0,0.0
5.0,2012-11-25,72.42857142857143,29.428571428571427,1.0
6.0,2012-12-02,46.714285714285715,15.714285714285714,0.0
2.0,2012-12-09,16.714285714285715,2.2857142857142856,0.0
16.0,2012-12-16,19.0,17.0,4.0
16.0,2012-12-23,55.285714285714285,28.285714285714285,2.0
8.0,2012-12-30,69.71428571428571,51.714285714285715,0.0
5.0,2013-01-06,69.28571428571429,36.0,5.0
24.0,2013-01-13,29.142857142857142,13.285714285714286,4.0
25.0,2013-01-20,20.0,10.0,0.0
45.0,2013-01-27,19.857142857142858,10.0,0.0
70.0,2013-02-03,39.57142857142857,21.571428571428573,0.0
46.0,2013-02-10,28.428571428571427,8.0,0.0
13.0,2013-02-17,15.714285714285714,8.0,0.0
5.0,2013-02-24,26.285714285714285,8.0,0.0
24.0,2013-03-03,27.428571428571427,8.0,0.0
4.0,2013-03-10,48.142857142857146,40.0,0.0
9.0,2013-03-17,42.42857142857143,42.42857142857143,0.0
0.0,2013-03-24,50.57142857142857,7.714285714285714,0.0
0.0,2013-03-31,28.714285714285715,6.0,0.0
8.0,2013-04-07,51.285714285714285,5.714285714285714,0.0
11.0,2013-04-14,67.0,44.142857142857146,0.0
0.0,2013-04-21,67.0,50.857142857142854,0.0
1.0,2013-04-28,68.71428571428571,53.857142857142854,0.0
0.0,2013-05-05,75.0,65.0,0.0
2.0,2013-05-12,75.0,59.714285714285715,0.0
3.0,2013-05-19,75.0,72.42857142857143,0.0
0.0,2013-05-26,75.0,43.285714285714285,0.0
0.0,2013-06-02,75.0,68.85714285714286,0.0
0.0,2013-06-09,75.0,73.42857142857143,0.0
0.0,2013-06-16,75.0,74.0,0.0
0.0,2013-06-23,75.0,74.0,0.0
1.0,2013-06-30,75.0,77.57142857142857,0.0
0.0,2013-07-07,75.0,79.0,0.0
0.0,2013-07-14,75.0,79.0,0.0
1.0,2013-07-21,75.0,79.0,0.0
0.0,2013-07-28,75.0,79.0,0.0
0.0,2013-08-04,75.0,79.0,0.0
0.0,2013-08-11,75.0,79.0,0.0
0.0,2013-08-18,75.0,79.0,0.0
0.0,2013-08-25,75.0,79.0,0.0
0.0,2013-09-01,75.0,79.0,0.0
0.0,2013-09-08,75.0,79.0,0.0
0.0,2013-09-15,75.0,76.0,0.0
0.0,2013-09-22,75.0,68.42857142857143,0.0
0.0,2013-09-29,75.0,66.0,0.0
0.0,2013-10-06,75.0,62.42857142857143,0.0
0.0,2013-10-13,77.14285714285714,53.0,0.0
0.0,2013-10-20,80.0,70.85714285714286,0.0
0.0,2013-10-27,80.0,74.0,0.0
1.0,2013-11-03,80.0,52.0,0.0
0.0,2013-11-10,76.0,44.285714285714285,0.0
0.0,2013-11-17,49.285714285714285,16.428571428571427,0.0
0.0,2013-11-24,43.857142857142854,25.571428571428573,0.0
0.0,2013-12-01,48.857142857142854,19.571428571428573,0.0
0.0,2013-12-08,41.142857142857146,6.142857142857143,1.0
0.0,2013-12-15,45.0,9.428571428571429,0.0
0.0,2013-12-22,64.0,17.142857142857142,0.0
0.0,2013-12-29,60.142857142857146,32.57142857142857,0.0
1.0,2014-01-05,63.714285714285715,27.714285714285715,0.0
1.0,2014-01-12,55.714285714285715,31.571428571428573,0.0
3.0,2014-01-19,57.142857142857146,16.0,0.0
2.0,2014-01-26,39.142857142857146,28.428571428571427,0.0
8.0,2014-02-02,43.57142857142857,15.571428571428571,0.0
4.0,2014-02-09,61.142857142857146,14.0,0.0
9.0,2014-02-16,64.14285714285714,16.571428571428573,0.0
2.0,2014-02-23,68.57142857142857,21.0,0.0
3.0,2014-03-02,66.0,17.142857142857142,1.0
4.0,2014-03-09,72.0,14.285714285714286,2.0
0.0,2014-03-16,74.57142857142857,62.0,0.0
1.0,2014-03-23,79.42857142857143,45.142857142857146,0.0
3.0,2014-03-30,70.0,32.857142857142854,0.0
1.0,2014-04-06,70.0,74.85714285714286,0.0
2.0,2014-04-13,70.0,51.42857142857143,0.0
1.0,2014-04-20,70.0,32.0,0.0
0.0,2014-04-27,70.0,68.28571428571429,0.0
0.0,2014-05-04,70.0,67.28571428571429,0.0
1.0,2014-05-11,70.0,68.71428571428571,0.0
0.0,2014-05-18,70.0,50.857142857142854,0.0
0.0,2014-05-25,70.0,62.857142857142854,0.0
0.0,2014-06-01,70.0,72.42857142857143,0.0
0.0,2014-06-08,70.0,68.42857142857143,0.0
0.0,2014-06-15,70.0,65.0,0.0
0.0,2014-06-22,70.0,65.0,0.0
0.0,2014-06-29,70.0,65.0,0.0
0.0,2014-07-06,70.0,65.0,0.0
0.0,2014-07-13,70.0,65.0,0.0
0.0,2014-07-20,70.0,65.0,0.0
0.0,2014-07-27,70.0,65.0,0.0
0.0,2014-08-03,70.0,65.0,0.0
0.0,2014-08-10,70.0,65.0,0.0
0.0,2014-08-17,70.0,65.0,0.0
0.0,2014-08-24,70.0,67.14285714285714,0.0
0.0,2014-08-31,70.0,64.0,0.0
0.0,2014-09-07,70.0,64.0,0.0
0.0,2014-09-14,70.0,64.0,0.0
0.0,2014-09-21,70.0,64.0,0.0
1.0,2014-09-28,70.0,65.42857142857143,0.0
0.0,2014-10-05,70.0,73.0,0.0
0.0,2014-10-12,70.0,72.14285714285714,0.0
1.0,2014-10-19,70.0,67.0,0.0
2.0,2014-10-26,70.0,60.142857142857146,0.0
0.0,2014-11-02,76.0,64.71428571428571,0.0
0.0,2014-11-09,75.85714285714286,46.142857142857146,0.0
0.0,2014-11-16,79.71428571428571,53.42857142857143,0.0
0.0,2014-11-23,72.0,42.142857142857146,0.0
0.0,2014-11-30,51.57142857142857,30.0,1.0
0.0,2014-12-07,25.142857142857142,8.857142857142858,1.0
1.0,2014-12-14,48.42857142857143,18.571428571428573,0.0
1.0,2014-12-21,54.857142857142854,19.428571428571427,0.0
2.0,2014-12-28,43.285714285714285,21.714285714285715,0.0
4.0,2015-01-04,28.0,4.571428571428571,0.0
4.0,2015-01-11,46.142857142857146,15.428571428571429,0.0
6.0,2015-01-18,52.42857142857143,26.285714285714285,0.0
2.0,2015-01-25,9.571428571428571,18.0,0.0
2.0,2015-02-01,22.142857142857142,9.714285714285714,0.0
3.0,2015-02-08,17.428571428571427,8.857142857142858,0.0
6.0,2015-02-15,44.57142857142857,17.428571428571427,0.0
7.0,2015-02-22,35.0,23.428571428571427,0.0
2.0,2015-03-01,54.714285714285715,18.285714285714285,0.0
1.0,2015-03-08,75.14285714285714,7.714285714285714,2.0
3.0,2015-03-15,74.85714285714286,16.714285714285715,0.0
1.0,2015-03-22,60.714285714285715,34.0,0.0
0.0,2015-03-29,74.14285714285714,29.857142857142858,0.0
2.0,2015-04-05,69.28571428571429,19.0,0.0
3.0,2015-04-12,56.0,44.42857142857143,0.0
3.0,2015-04-19,56.0,58.0,0.0
2.0,2015-04-26,56.0,66.28571428571429,0.0
0.0,2015-05-03,56.0,43.0,0.0
1.0,2015-05-10,56.0,63.0,0.0
1.0,2015-05-17,56.0,66.14285714285714,0.0
0.0,2015-05-31,56.0,63.285714285714285,0.0
0.0,2015-06-07,56.0,72.0,0.0
0.0,2015-06-14,56.0,72.0,0.0
0.0,2015-06-21,56.0,72.85714285714286,0.0
0.0,2015-06-28,56.0,72.0,0.0
0.0,2015-07-05,56.0,73.0,0.0
0.0,2015-07-12,56.0,73.0,0.0
0.0,2015-07-19,56.0,73.0,0.0
0.0,2015-07-26,56.0,73.0,0.0
0.0,2015-08-02,56.0,73.57142857142857,0.0
0.0,2015-08-16,56.0,74.0,0.0
0.0,2015-08-23,56.0,74.0,0.0
0.0,2015-08-30,56.0,74.0,0.0
0.0,2015-09-06,56.0,73.42857142857143,0.0
0.0,2015-09-13,56.0,77.0,0.0
0.0,2015-09-20,56.0,77.0,0.0
0.0,2015-09-27,56.0,73.28571428571429,0.0
0.0,2015-10-04,56.0,69.0,0.0
0.0,2015-10-11,56.0,67.42857142857143,0.0
0.0,2015-10-18,60.142857142857146,23.714285714285715,0.0
0.0,2015-10-25,80.0,68.85714285714286,0.0
0.0,2015-11-01,80.0,51.714285714285715,0.0
0.0,2015-11-08,72.0,31.285714285714285,0.0
0.0,2015-11-15,75.0,51.857142857142854,0.0
0.0,2015-11-29,43.285714285714285,11.714285714285714,0.0
2.0,2015-12-06,52.142857142857146,43.0,0.0
2.0,2015-12-13,63.285714285714285,36.714285714285715,0.0
1.0,2015-12-20,80.42857142857143,57.714285714285715,0.0
3.0,2015-12-27,82.0,61.285714285714285,0.0
26.0,2016-01-03,62.42857142857143,22.571428571428573,0.0
24.0,2016-01-10,57.57142857142857,21.428571428571427,2.0
24.0,2016-01-17,30.142857142857142,8.0,3.0
15.0,2016-01-24,22.571428571428573,2.142857142857143,0.0
47.0,2016-01-31,55.57142857142857,32.0,0.0
62.0,2016-02-07,60.57142857142857,27.857142857142858,0.0
44.0,2016-02-14,48.57142857142857,12.714285714285714,0.0
57.0,2016-02-21,32.714285714285715,9.714285714285714,0.0
41.0,2016-02-28,48.142857142857146,49.0,0.0
36.0,2016-03-06,45.285714285714285,15.857142857142858,0.0
19.0,2016-03-13,66.85714285714286,2.142857142857143,1.0
21.0,2016-03-20,63.42857142857143,8.285714285714286,0.0
28.0,2016-03-27,80.14285714285714,37.42857142857143,0.0
18.0,2016-04-03,72.57142857142857,36.0,0.0
12.0,2016-04-10,68.0,30.714285714285715,3.0
13.0,2016-04-17,68.0,49.285714285714285,7.0
9.0,2016-04-24,66.57142857142857,28.714285714285715,6.0
0.0,2016-10-09,65.0,54.285714285714285,0.0
2.0,2016-10-16,65.0,52.142857142857146,0.0
1.0,2016-10-23,65.0,55.57142857142857,0.0
0.0,2016-10-30,65.0,51.714285714285715,0.0
1.0,2016-11-06,65.14285714285714,29.428571428571427,0.0
0.0,2016-11-13,48.857142857142854,13.857142857142858,6.0
2.0,2016-11-20,59.42857142857143,34.714285714285715,0.0
1.0,2016-11-27,60.857142857142854,53.0,0.0
5.0,2016-12-04,38.714285714285715,20.0,0.0
3.0,2016-12-11,35.0,19.714285714285715,0.0
1.0,2016-12-18,45.142857142857146,17.0,0.0
17.0,2016-12-25,39.857142857142854,27.714285714285715,0.0
38.0,2017-01-01,46.714285714285715,12.571428571428571,0.0
41.0,2017-01-08,12.285714285714286,46.0,0.0
35.0,2017-01-15,27.285714285714285,26.285714285714285,0.0
66.0,2017-01-22,9.714285714285714,21.0,0.0
52.0,2017-01-29,12.857142857142858,19.142857142857142,0.0
33.0,2017-02-05,47.57142857142857,24.714285714285715,0.0
18.0,2017-02-19,66.57142857142857,14.285714285714286,0.0
9.0,2017-02-26,67.14285714285714,45.857142857142854,0.0
10.0,2017-03-05,68.85714285714286,26.285714285714285,0.0
3.0,2017-03-12,76.0,25.285714285714285,0.0
1.0,2017-03-19,76.0,46.285714285714285,0.0
2.0,2017-03-26,70.28571428571429,37.857142857142854,0.0
2.0,2017-04-02,68.0,56.285714285714285,0.0
0.0,2017-04-09,68.0,36.857142857142854,0.0
0.0,2017-04-16,68.0,50.42857142857143,0.0
0.0,2017-04-23,74.42857142857143,13.571428571428571,0.0
2.0,2017-04-30,77.0,19.714285714285715,0.0
2.0,2017-05-07,77.0,65.57142857142857,0.0
4.0,2017-05-14,77.0,50.285714285714285,0.0
1.0,2017-05-21,77.0,70.71428571428571,0.0
1.0,2017-05-28,77.0,69.0,0.0
1.0,2017-06-04,77.0,69.0,0.0
0.0,2017-06-11,77.0,75.57142857142857,0.0
0.0,2017-06-18,77.0,76.0,0.0
1.0,2017-06-25,77.0,76.0,0.0
1.0,2017-07-02,77.0,76.0,0.0
1.0,2017-07-09,77.0,76.0,0.0
0.0,2017-07-16,77.0,76.0,0.0
0.0,2017-07-23,77.0,76.0,0.0
1.0,2017-07-30,77.0,76.0,0.0
10.0,2017-08-06,22.714285714285715,76.0,0.0
4.0,2017-08-20,1.0,76.0,0.0
4.0,2017-08-27,1.0,76.0,0.0
6.0,2017-09-03,1.0,75.14285714285714,0.0
6.0,2017-09-10,1.0,70.0,0.0
3.0,2017-09-17,1.0,65.14285714285714,0.0
4.0,2017-09-24,1.0,67.14285714285714,0.0
1.0,2017-10-01,1.0,61.857142857142854,0.0
1.0,2017-10-08,1.0,57.285714285714285,0.0
14.0,2017-10-15,1.0,44.0,0.0
10.0,2017-10-22,1.0,55.57142857142857,0.0
4.0,2017-10-29,1.0,58.0,0.0
10.0,2017-11-05,1.0,35.0,6.0
6.0,2017-11-12,66.14285714285714,27.571428571428573,0.0
0.0,2017-11-19,62.142857142857146,15.571428571428571,1.0
5.0,2017-11-26,62.857142857142854,36.142857142857146,0.0
9.0,2017-12-03,24.142857142857142,6.571428571428571,0.0
4.0,2017-12-10,47.285714285714285,9.285714285714286,0.0
19.0,2017-12-17,34.857142857142854,4.571428571428571,1.0
25.0,2017-12-24,60.857142857142854,40.57142857142857,0.0
73.0,2017-12-31,38.142857142857146,22.142857142857142,0.0
148.0,2018-01-07,65.14285714285714,42.142857142857146,0.0
162.0,2018-01-14,57.142857142857146,26.0,0.0
104.0,2018-01-21,38.285714285714285,5.0,0.0
78.0,2018-01-28,59.142857142857146,32.42857142857143,2.0
68.0,2018-02-04,44.714285714285715,25.0,7.0
49.0,2018-02-11,14.142857142857142,18.0,5.0
38.0,2018-02-18,39.714285714285715,18.0,1.0
30.0,2018-02-25,33.0,18.0,0.0
11.0,2018-03-04,45.857142857142854,15.571428571428571,0.0
20.0,2018-03-11,66.57142857142857,35.42857142857143,6.0
15.0,2018-03-18,64.85714285714286,42.57142857142857,2.0
13.0,2018-03-25,46.42857142857143,32.142857142857146,0.0
10.0,2018-04-01,70.42857142857143,24.857142857142858,0.0
19.0,2018-04-08,82.0,42.285714285714285,0.0
4.0,2018-04-15,82.0,60.857142857142854,0.0
6.0,2018-04-22,82.0,68.0,0.0
2.0,2018-04-29,82.0,61.285714285714285,0.0
1.0,2018-05-06,82.0,53.285714285714285,0.0
4.0,2018-05-13,82.0,68.0,0.0
0.0,2018-05-20,82.0,68.28571428571429,0.0
2.0,2018-10-07,82.0,62.142857142857146,0.0
0.0,2018-10-14,82.0,75.0,0.0
1.0,2018-10-21,82.0,72.28571428571429,0.0
5.0,2018-10-28,74.71428571428571,39.142857142857146,0.0
5.0,2018-11-04,53.42857142857143,20.428571428571427,0.0
3.0,2018-11-11,55.0,63.714285714285715,0.0
2.0,2018-11-18,56.857142857142854,26.857142857142858,0.0
6.0,2018-11-25,49.857142857142854,8.0,0.0
8.0,2018-12-02,66.14285714285714,42.142857142857146,0.0
6.0,2018-12-09,66.14285714285714,40.57142857142857,0.0
5.0,2018-12-16,28.0,5.0,0.0
20.0,2018-12-23,58.714285714285715,43.42857142857143,0.0
35.0,2018-12-30,30.571428571428573,57.714285714285715,0.0
84.0,2019-01-06,44.142857142857146,22.857142857142858,0.0
105.0,2019-01-13,45.857142857142854,21.857142857142858,1.0
149.0,2019-01-20,32.857142857142854,16.571428571428573,0.0
129.0,2019-01-27,16.571428571428573,17.428571428571427,0.0
109.0,2019-02-03,18.571428571428573,2.5714285714285716,0.0
71.0,2019-02-10,58.142857142857146,13.571428571428571,5.0
47.0,2019-02-17,53.714285714285715,11.857142857142858,0.0
82.0,2019-02-24,56.0,30.0,0.0
7.0,2019-10-06,60.0,62.57142857142857,0.0
1.0,2019-10-13,60.0,71.71428571428571,1.0
1.0,2019-10-20,60.0,68.0,0.0
1.0,2019-10-27,60.0,63.0,0.0
1.0,2019-11-03,65.0,34.42857142857143,0.0
6.0,2019-11-10,64.85714285714286,33.57142857142857,0.0
5.0,2019-11-17,45.0,8.571428571428571,1.0
3.0,2019-11-24,54.57142857142857,11.142857142857142,0.0
5.0,2019-12-01,64.42857142857143,40.857142857142854,0.0
3.0,2019-12-08,54.714285714285715,20.285714285714285,2.0
5.0,2019-12-15,51.857142857142854,17.714285714285715,7.0
8.0,2019-12-22,69.0,54.857142857142854,2.0
16.0,2019-12-29,57.142857142857146,33.285714285714285,0.0
4.0,2009-01-04,45.705882352941174,38.84533016061868,0.0
15.0,2009-01-11,49.23529411764706,38.84533016061868,0.0
58.0,2009-01-18,32.27731092436975,28.746664400441915,1.0440744368266406
2.0,2009-04-19,61.09243697478991,53.62590294892497,0.3085210577864838
0.0,2009-04-26,55.94117647058823,44.362284354550866,0.3085210577864838
1.0,2009-05-03,55.94117647058823,50.38438004589106,0.3085210577864838
3.0,2009-05-10,55.94117647058823,62.2636185943741,0.3085210577864838
2.0,2009-05-17,55.94117647058823,45.175235829013346,0.3085210577864838
0.0,2009-05-24,55.94117647058823,38.84533016061868,0.3085210577864838
0.0,2009-05-31,55.94117647058823,43.581711566244586,0.3085210577864838
0.0,2009-06-07,55.94117647058823,49.62590294892497,0.3085210577864838
0.0,2009-06-14,55.94117647058823,49.603807257584776,0.3085210577864838
0.0,2009-06-21,55.94117647058823,43.86742585195888,0.3085210577864838
1.0,2009-06-28,55.94117647058823,43.581711566244586,0.3085210577864838
2.0,2009-07-05,55.94117647058823,38.84533016061868,0.3085210577864838
9.0,2009-07-12,55.94117647058823,38.84533016061868,0.3085210577864838
15.0,2009-07-19,55.94117647058823,38.84533016061868,0.3085210577864838
16.0,2009-07-26,55.94117647058823,38.84533016061868,0.3085210577864838
14.0,2009-08-02,55.94117647058823,38.84533016061868,0.3085210577864838
25.0,2009-08-09,55.94117647058823,38.84533016061868,0.3085210577864838
17.0,2009-08-16,55.94117647058823,38.84533016061868,0.3085210577864838
7.0,2009-08-23,55.94117647058823,38.84533016061868,0.3085210577864838
13.0,2009-08-30,55.94117647058823,38.84533016061868,0.3085210577864838
27.0,2009-09-06,55.94117647058823,44.72456870910173,0.3085210577864838
18.0,2009-09-13,55.94117647058823,38.84533016061868,0.3085210577864838
43.0,2009-09-20,55.94117647058823,38.84533016061868,0.3085210577864838
72.0,2009-09-27,55.94117647058823,38.84533016061868,0.3085210577864838
75.0,2009-10-04,55.94117647058823,44.46095011472763,0.3085210577864838
96.0,2009-10-11,55.94117647058823,38.84533016061868,0.3085210577864838
83.0,2009-10-18,68.39495798319328,34.81295147446248,0.22037218413320275
50.0,2009-10-25,61.23529411764706,50.2636185943741,0.2644466209598433
185.0,2009-11-01,55.94117647058823,49.714285714285715,0.3085210577864838
112.0,2009-11-08,74.98319327731092,44.285714285714285,0.3085210577864838
60.0,2009-11-15,60.403361344537814,37.40647573723124,0.3085210577864838
78.0,2009-11-22,61.94957983193277,63.692190022945525,0.3085210577864838
64.0,2009-11-29,67.68067226890756,55.549332880088386,0.3085210577864838
46.0,2009-12-06,63.0,22.142857142857142,0.3085210577864838
37.0,2009-12-20,55.94117647058823,38.84533016061868,0.0
18.0,2009-12-27,32.857142857142854,29.318092971870488,0.04407443682664055
12.0,2010-01-10,55.94117647058823,38.84533016061868,0.0
0.0,2010-03-07,45.857142857142854,30.46095011472763,0.0881488736532811
1.0,2010-03-14,36.285714285714285,35.581711566244586,0.04407443682664055
1.0,2010-03-21,67.38655462184873,34.67009433160534,0.3085210577864838
2.0,2010-03-28,65.52941176470588,48.692190022945525,0.3085210577864838
0.0,2010-04-04,69.54621848739495,36.21942721169372,0.22037218413320275
2.0,2010-04-18,61.52100840336134,48.285714285714285,0.3085210577864838
0.0,2010-04-25,55.94117647058823,34.24152290303391,0.3085210577864838
1.0,2010-05-02,55.94117647058823,51.48304580606782,0.3085210577864838
0.0,2010-05-09,68.82352941176471,41.42857142857143,0.3085210577864838
1.0,2010-05-16,67.39495798319328,49.42857142857143,0.3085210577864838
0.0,2010-10-03,55.94117647058823,43.15314013767316,0.3085210577864838
0.0,2010-10-10,55.94117647058823,43.010282994816016,0.3085210577864838
0.0,2010-10-17,58.09243697478991,46.285714285714285,0.3085210577864838
0.0,2010-10-24,73.27731092436976,25.24152290303391,0.1762977473065622
0.0,2010-10-31,70.10924369747899,47.120761451516955,0.2644466209598433
0.0,2010-11-07,58.09243697478991,46.64799864026515,0.3085210577864838
0.0,2010-11-14,58.96638655462185,36.098665760176765,0.3085210577864838
1.0,2010-11-21,59.42857142857143,28.285714285714285,0.3085210577864838
0.0,2010-11-28,28.705882352941178,27.34018866321068,1.0881488736532812
1.0,2010-12-05,50.80672268907563,38.84533016061868,0.0
2.0,2010-12-12,11.571428571428571,34.581711566244586,0.04407443682664055
8.0,2010-12-19,53.3781512605042,38.84533016061868,0.0
6.0,2010-12-26,35.97478991596638,34.43885442338744,0.04407443682664055
18.0,2011-01-02,30.6890756302521,38.84533016061868,0.0
34.0,2011-01-09,58.84033613445378,41.0323786861562,0.13222331047992164
113.0,2011-01-16,61.84033613445378,39.790855783122296,0.22037218413320275
91.0,2011-01-23,40.99159663865546,27.48304580606782,0.0881488736532811
93.0,2011-01-30,25.84873949579832,34.581711566244586,0.04407443682664055
112.0,2011-02-06,51.983193277310924,37.62590294892497,0.13222331047992164
91.0,2011-02-13,69.40336134453781,37.38438004589106,0.22037218413320275
43.0,2011-02-20,45.42016806722689,22.098665760176768,0.22037218413320275
20.0,2011-02-27,43.99159663865546,27.197331520353533,1.0440744368266406
22.0,2011-03-06,72.5546218487395,24.340188663210675,0.13222331047992164
8.0,2011-03-13,73.83193277310923,38.38438004589106,0.22037218413320275
3.0,2011-03-20,70.6890756302521,41.42857142857143,0.3085210577864838
1.0,2011-03-27,55.94117647058823,48.57142857142857,0.3085210577864838
1.0,2011-04-03,55.94117647058823,52.24152290303391,0.3085210577864838
0.0,2011-04-10,55.94117647058823,52.527237188748195,0.3085210577864838
0.0,2011-04-17,55.94117647058823,42.83504716580267,0.3085210577864838
0.0,2011-04-24,55.94117647058823,43.43885442338745,0.3085210577864838
0.0,2011-05-01,55.94117647058823,38.84533016061868,0.3085210577864838
0.0,2011-05-08,55.94117647058823,49.81295147446248,0.3085210577864838
0.0,2011-10-09,61.66386554621848,52.21942721169372,0.3085210577864838
0.0,2011-10-16,55.94117647058823,37.07657006883658,0.3085210577864838
0.0,2011-10-23,68.10924369747899,35.81295147446248,0.22037218413320275
0.0,2011-10-30,55.94117647058823,43.67009433160534,0.3085210577864838
0.0,2011-11-06,55.94117647058823,44.581711566244586,0.3085210577864838
0.0,2011-11-13,72.70588235294117,35.42857142857143,0.3085210577864838
0.0,2011-11-20,53.69747899159664,40.48304580606782,0.13222331047992164
0.0,2011-11-27,61.26050420168067,35.67009433160534,0.22037218413320275
0.0,2011-12-04,74.5546218487395,24.549332880088382,0.2644466209598433
0.0,2011-12-11,65.57142857142857,23.670094331605338,0.1762977473065622
1.0,2011-12-18,58.714285714285715,19.40647573723124,0.22037218413320275
0.0,2011-12-25,49.857142857142854,28.812951474462484,0.22037218413320275
0.0,2012-01-01,61.27731092436975,24.40647573723124,0.2644466209598433
1.0,2012-01-08,65.84873949579831,17.571428571428573,0.3085210577864838
4.0,2012-01-15,58.285714285714285,41.64799864026515,0.1762977473065622
0.0,2012-01-22,55.857142857142854,27.505141497408005,0.1762977473065622
1.0,2012-01-29,34.57142857142857,17.527237188748195,0.22037218413320275
3.0,2012-02-05,55.94117647058823,38.84533016061868,0.0
59.0,2012-02-12,55.94117647058823,38.84533016061868,0.0
15.0,2012-02-19,38.42857142857143,27.07657006883658,0.1762977473065622
24.0,2012-02-26,60.42016806722689,33.64799864026515,0.1762977473065622
32.0,2012-03-04,74.5546218487395,50.0,0.3085210577864838
24.0,2012-03-11,62.84033613445378,30.670094331605338,0.22037218413320275
37.0,2012-03-18,59.94957983193277,39.57142857142857,0.3085210577864838
21.0,2012-03-25,61.3781512605042,35.790855783122296,0.3085210577864838
9.0,2012-04-01,55.94117647058823,44.40647573723124,0.2644466209598433
8.0,2012-04-08,65.24369747899159,28.142857142857142,0.3085210577864838
6.0,2012-04-15,63.67226890756302,37.549332880088386,0.2644466209598433
1.0,2012-04-22,65.67226890756302,27.549332880088382,0.2644466209598433
1.0,2012-04-29,67.10084033613445,46.81295147446248,0.3085210577864838
0.0,2012-05-06,55.94117647058823,45.889521543299054,0.3085210577864838
1.0,2012-05-13,55.94117647058823,49.50514149740801,0.3085210577864838
0.0,2012-05-20,55.94117647058823,34.362284354550866,0.3085210577864838
0.0,2012-10-07,55.94117647058823,58.098665760176765,0.3085210577864838
0.0,2012-10-14,58.94957983193277,43.857142857142854,0.3085210577864838
0.0,2012-10-21,61.52100840336134,38.768760091782106,0.3085210577864838
0.0,2012-10-28,60.680672268907564,50.21942721169372,0.22037218413320275
0.0,2012-11-04,62.983193277310924,36.83504716580267,0.2644466209598433
0.0,2012-11-11,78.27731092436976,40.42857142857143,0.3085210577864838
1.0,2012-11-18,61.714285714285715,27.714285714285715,0.2644466209598433
0.0,2012-11-25,61.6890756302521,29.428571428571427,0.3085210577864838
0.0,2012-12-02,48.0,30.64799864026515,0.1762977473065622
3.0,2012-12-09,32.411764705882355,27.889521543299058,0.04407443682664055
8.0,2012-12-16,47.27731092436975,38.05447437749639,0.13222331047992164
19.0,2012-12-23,52.983193277310924,27.549332880088382,0.3085210577864838
6.0,2012-12-30,71.26890756302521,51.714285714285715,0.3085210577864838
10.0,2013-01-06,70.57142857142857,36.0,1.2644466209598435
21.0,2013-01-13,39.411764705882355,25.64799864026515,0.1762977473065622
26.0,2013-01-20,55.94117647058823,38.84533016061868,0.0
49.0,2013-01-27,50.66386554621848,38.84533016061868,0.0
71.0,2013-02-03,51.99159663865546,21.571428571428573,0.22037218413320275
30.0,2013-02-17,37.97478991596638,38.84533016061868,0.0
51.0,2013-02-24,49.680672268907564,38.84533016061868,0.0
47.0,2013-03-03,27.428571428571427,33.153140137673155,0.0
22.0,2013-03-10,57.52100840336134,47.50514149740801,0.1762977473065622
18.0,2013-03-17,39.26890756302521,34.581711566244586,0.04407443682664055
13.0,2013-03-24,54.857142857142854,30.746664400441915,0.0881488736532811
1.0,2013-03-31,28.714285714285715,38.84533016061868,0.0
1.0,2013-04-07,64.0,34.010282994816016,0.04407443682664055
5.0,2013-04-14,68.10924369747899,42.549332880088386,0.2644466209598433
0.0,2013-04-21,55.94117647058823,47.91161723463925,0.3085210577864838
1.0,2013-04-28,60.81512605042017,49.2636185943741,0.3085210577864838
0.0,2013-05-05,55.94117647058823,59.40647573723124,0.3085210577864838
0.0,2013-05-12,55.94117647058823,44.318092971870485,0.3085210577864838
0.0,2013-05-19,55.94117647058823,53.48304580606782,0.3085210577864838
0.0,2013-10-06,55.94117647058823,58.098665760176765,0.3085210577864838
0.0,2013-10-13,68.82352941176471,42.67009433160534,0.3085210577864838
0.0,2013-10-20,55.94117647058823,55.50514149740801,0.3085210577864838
0.0,2013-10-27,55.94117647058823,38.84533016061868,0.3085210577864838
0.0,2013-11-03,63.81512605042017,46.97790430865981,0.3085210577864838
0.0,2013-11-10,65.82352941176471,35.955808617319626,0.3085210577864838
0.0,2013-11-17,54.42857142857143,23.098665760176768,0.22037218413320275
0.0,2013-11-24,43.857142857142854,28.384380045891053,0.22037218413320275
0.0,2013-12-01,48.857142857142854,26.911617234639245,0.13222331047992164
0.0,2013-12-08,41.142857142857146,33.175235829013346,1.0440744368266406
0.0,2013-12-15,46.42857142857143,18.362284354550862,0.0881488736532811
0.0,2013-12-22,65.85714285714286,24.955808617319626,0.22037218413320275
0.0,2013-12-29,74.4201680672269,32.57142857142857,0.3085210577864838
0.0,2014-01-05,60.563025210084035,27.714285714285715,0.3085210577864838
1.0,2014-01-12,57.26050420168067,32.38438004589106,0.2644466209598433
2.0,2014-01-19,60.714285714285715,19.69219002294553,0.22037218413320275
12.0,2014-01-26,39.142857142857146,34.74666440044192,0.0881488736532811
17.0,2014-02-02,43.57142857142857,18.362284354550862,0.0881488736532811
12.0,2014-02-09,63.714285714285715,19.263618594374098,0.2644466209598433
10.0,2014-02-16,67.85714285714286,16.0,0.2644466209598433
13.0,2014-02-23,71.71428571428571,25.263618594374098,0.2644466209598433
10.0,2014-03-02,69.1344537815126,17.142857142857142,1.2644466209598433
16.0,2014-03-09,69.96638655462185,18.977904308659813,0.22037218413320275
15.0,2014-03-16,59.52100840336134,62.0,0.3085210577864838
9.0,2014-03-23,68.53781512605042,47.40647573723124,0.2644466209598433
3.0,2014-03-30,70.10924369747899,37.38438004589106,0.22037218413320275
5.0,2014-04-06,55.94117647058823,47.88952154329906,0.3085210577864838
1.0,2014-04-13,55.94117647058823,48.120761451516955,0.3085210577864838
0.0,2014-04-20,55.94117647058823,31.977904308659813,0.3085210577864838
1.0,2014-04-27,55.94117647058823,59.07657006883658,0.3085210577864838
0.0,2014-05-04,55.94117647058823,56.955808617319626,0.3085210577864838
0.0,2014-05-11,55.94117647058823,65.12076145151696,0.3085210577864838
0.0,2014-05-18,55.94117647058823,44.24152290303391,0.3085210577864838
0.0,2014-09-28,55.94117647058823,48.62590294892497,0.3085210577864838
0.0,2014-10-05,55.94117647058823,38.84533016061868,0.3085210577864838
0.0,2014-10-12,55.94117647058823,42.86742585195888,0.3085210577864838
0.0,2014-10-19,55.94117647058823,38.84533016061868,0.3085210577864838
0.0,2014-10-26,66.81512605042016,56.120761451516955,0.3085210577864838
0.0,2014-11-02,58.94957983193277,47.48304580606782,0.3085210577864838
0.0,2014-11-09,69.26050420168067,41.83504716580267,0.3085210577864838
0.0,2014-11-16,76.11764705882352,53.42857142857143,0.3085210577864838
1.0,2014-11-23,72.69747899159664,42.142857142857146,0.3085210577864838
0.0,2014-11-30,59.42857142857143,30.0,1.2644466209598433
4.0,2014-12-07,25.142857142857142,21.076570068836578,0.13222331047992164
2.0,2014-12-14,52.714285714285715,18.285714285714285,0.22037218413320275
3.0,2014-12-21,63.99159663865546,27.24152290303391,0.2644466209598433
2.0,2014-12-28,50.134453781512605,31.098665760176768,0.22037218413320275
1.0,2015-01-04,38.42016806722689,33.2959972805303,0.0
6.0,2015-01-11,45.11764705882353,32.076570068836574,0.1762977473065622
13.0,2015-01-18,54.27731092436975,32.24152290303391,0.22037218413320275
34.0,2015-01-25,14.848739495798318,38.84533016061868,0.0
55.0,2015-02-01,22.142857142857142,29.175235829013342,0.04407443682664055
61.0,2015-02-08,24.134453781512605,33.581711566244586,0.04407443682664055
69.0,2015-02-15,44.57142857142857,29.483045806067818,0.13222331047992164
48.0,2015-02-22,43.84873949579832,33.581711566244586,0.04407443682664055
66.0,2015-03-01,59.142857142857146,24.93371292597944,0.1762977473065622
29.0,2015-03-08,77.99159663865547,16.241522903033907,1.1322233104799218
27.0,2015-03-15,65.68067226890756,21.120761451516955,0.2644466209598433
27.0,2015-03-22,64.96638655462185,34.0,0.3085210577864838
18.0,2015-03-29,73.68907563025209,33.40647573723124,0.2644466209598433
20.0,2015-04-05,68.98319327731092,24.384380045891053,0.1762977473065622
5.0,2015-04-12,62.09243697478991,43.098665760176765,0.2644466209598433
1.0,2015-04-19,55.94117647058823,50.527237188748195,0.3085210577864838
0.0,2015-04-26,55.94117647058823,51.07657006883658,0.3085210577864838
0.0,2015-05-03,62.23529411764706,42.692190022945525,0.3085210577864838
0.0,2015-05-10,55.94117647058823,52.340188663210675,0.3085210577864838
0.0,2015-05-17,55.94117647058823,54.362284354550866,0.3085210577864838
0.0,2015-10-04,55.94117647058823,60.67009433160534,0.3085210577864838
0.0,2015-10-11,55.94117647058823,45.74666440044191,0.3085210577864838
0.0,2015-10-18,60.134453781512605,23.714285714285715,0.3085210577864838
0.0,2015-10-25,60.3781512605042,53.362284354550866,0.3085210577864838
0.0,2015-11-01,66.24369747899159,51.714285714285715,0.3085210577864838
0.0,2015-11-08,58.38655462184874,32.340188663210675,0.3085210577864838
0.0,2015-11-15,60.66386554621848,52.64799864026515,0.3085210577864838
0.0,2015-11-22,49.95798319327731,38.340188663210675,0.2644466209598433
1.0,2015-11-29,49.0,32.46095011472763,0.04407443682664055
1.0,2015-12-06,85.0,37.40647573723124,0.3085210577864838
0.0,2015-12-13,70.84873949579831,42.2636185943741,0.22037218413320275
3.0,2015-12-20,61.81512605042017,48.81295147446248,0.3085210577864838
1.0,2015-12-27,68.24369747899159,61.285714285714285,0.3085210577864838
0.0,2016-01-03,67.85714285714286,22.571428571428573,0.3085210577864838
4.0,2016-01-10,57.57142857142857,16.714285714285715,1.1762977473065621
3.0,2016-01-17,35.563025210084035,29.625902948924963,1.0881488736532812
8.0,2016-01-24,45.96638655462185,34.581711566244586,0.04407443682664055
21.0,2016-01-31,68.6890756302521,32.0,0.2644466209598433
29.0,2016-02-07,71.5546218487395,29.263618594374098,0.3085210577864838
28.0,2016-02-14,57.42857142857143,22.384380045891053,0.22037218413320275
31.0,2016-02-21,33.84033613445378,35.2959972805303,0.0881488736532811
37.0,2016-02-28,54.42857142857143,40.2959972805303,0.04407443682664055
49.0,2016-03-06,45.285714285714285,28.46095011472763,0.0881488736532811
58.0,2016-03-13,67.57142857142857,28.46095011472763,1.0440744368266406
44.0,2016-03-20,63.12605042016806,13.692190022945526,0.2644466209598433
42.0,2016-03-27,66.10924369747899,37.42857142857143,0.3085210577864838
32.0,2016-04-03,64.82352941176471,37.120761451516955,0.3085210577864838
17.0,2016-04-10,62.23529411764706,31.83504716580267,1.2644466209598433
6.0,2016-04-17,55.94117647058823,48.692190022945525,0.3085210577864838
4.0,2016-04-24,56.23529411764706,29.527237188748195,0.2644466209598433
2.0,2016-05-01,65.11764705882352,30.93371292597943,0.1762977473065622
0.0,2016-05-08,55.94117647058823,52.67009433160534,0.3085210577864838
0.0,2016-05-15,55.94117647058823,35.175235829013346,0.3085210577864838
0.0,2016-10-09,55.94117647058823,53.692190022945525,0.3085210577864838
0.0,2016-10-16,55.94117647058823,52.142857142857146,0.3085210577864838
0.0,2016-10-23,65.10084033613445,55.57142857142857,0.3085210577864838
0.0,2016-10-30,55.94117647058823,48.120761451516955,0.3085210577864838
0.0,2016-11-06,61.26050420168067,25.714285714285715,0.2644466209598433
0.0,2016-11-13,48.857142857142854,13.857142857142858,1.2644466209598435
1.0,2016-11-20,60.54621848739496,42.67009433160534,0.22037218413320275
4.0,2016-11-27,69.54621848739495,54.83504716580267,0.3085210577864838
0.0,2016-12-04,38.714285714285715,35.581711566244586,0.04407443682664055
9.0,2016-12-11,35.0,39.2959972805303,0.04407443682664055
27.0,2016-12-25,39.857142857142854,31.93371292597943,0.13222331047992164
20.0,2017-01-01,48.411764705882355,34.2959972805303,0.04407443682664055
24.0,2017-01-08,31.974789915966387,38.84533016061868,0.0
26.0,2017-01-15,27.285714285714285,31.889521543299058,0.0881488736532811
29.0,2017-01-22,31.974789915966387,38.84533016061868,0.0
18.0,2017-01-29,36.403361344537814,34.43885442338744,0.04407443682664055
26.0,2017-02-05,56.563025210084035,30.955808617319626,0.22037218413320275
17.0,2017-02-12,39.142857142857146,24.93371292597944,0.13222331047992164
11.0,2017-02-19,77.4201680672269,27.64799864026515,0.1762977473065622
1.0,2017-02-26,67.5546218487395,42.50514149740801,0.22037218413320275
3.0,2017-03-05,66.54621848739495,26.285714285714285,0.3085210577864838
1.0,2017-03-12,62.81512605042017,25.285714285714285,0.2644466209598433
0.0,2017-10-08,55.94117647058823,53.38438004589106,0.3085210577864838
0.0,2017-10-15,55.94117647058823,38.84533016061868,0.3085210577864838
0.0,2017-10-22,55.94117647058823,52.62590294892497,0.3085210577864838
0.0,2017-10-29,61.66386554621848,45.50514149740801,0.3085210577864838
0.0,2017-11-05,62.09243697478991,35.0,1.2644466209598435
0.0,2017-11-12,68.42857142857143,25.571428571428573,0.2644466209598433
0.0,2017-11-19,62.142857142857146,24.505141497408008,1.1322233104799215
0.0,2017-11-26,56.831932773109244,41.549332880088386,0.2644466209598433
0.0,2017-12-03,31.84873949579832,27.054474377496394,0.13222331047992164
0.0,2017-12-10,46.563025210084035,31.460950114727634,0.0881488736532811
1.0,2017-12-17,39.42857142857143,20.21942721169372,1.1322233104799215
2.0,2017-12-24,63.0,45.97790430865981,0.2644466209598433
7.0,2017-12-31,46.12605042016806,27.812951474462484,0.22037218413320275
17.0,2018-01-07,63.983193277310924,42.142857142857146,0.2644466209598433
35.0,2018-01-14,57.142857142857146,30.120761451516955,0.13222331047992164
70.0,2018-01-21,47.0,6.977904308659811,0.3085210577864838
95.0,2018-01-28,73.42857142857143,35.83504716580267,1.2203721841332027
96.0,2018-02-04,44.714285714285715,36.91161723463925,1.2644466209598433
119.0,2018-02-11,25.983193277310924,38.84533016061868,1.1762977473065623
86.0,2018-02-18,39.714285714285715,38.84533016061868,0.13222331047992164
105.0,2018-02-25,34.27731092436975,38.84533016061868,0.0
115.0,2018-03-04,52.24369747899159,33.43885442338744,0.13222331047992164
139.0,2018-03-11,62.39495798319327,35.42857142857143,1.220372184133203
79.0,2018-03-18,58.8235294117647,40.24152290303391,0.1762977473065622
29.0,2018-03-25,50.69747899159664,27.483045806067818,0.04407443682664055
24.0,2018-04-01,74.26050420168066,24.857142857142858,0.22037218413320275
7.0,2018-04-08,59.94957983193277,37.549332880088386,0.1762977473065622
2.0,2018-04-15,55.94117647058823,54.81295147446248,0.0881488736532811
2.0,2018-04-22,55.94117647058823,38.84533016061868,0.04407443682664055
1.0,2018-04-29,55.94117647058823,57.120761451516955,0.13222331047992164
0.0,2018-05-06,55.94117647058823,40.790855783122296,0.04407443682664055
0.0,2018-05-13,55.94117647058823,38.84533016061868,0.0881488736532811
0.0,2018-05-20,55.94117647058823,46.03237868615621,0.13222331047992164
0.0,2018-10-07,55.94117647058823,57.549332880088386,0.13222331047992164
0.0,2018-10-14,55.94117647058823,44.010282994816016,0.0
0.0,2018-10-21,55.94117647058823,41.2959972805303,0.0
0.0,2018-10-28,60.53781512605042,41.549332880088386,0.13222331047992164
0.0,2018-11-04,72.56302521008404,20.428571428571427,0.1762977473065622
0.0,2018-11-11,55.94117647058823,57.38438004589106,0.1762977473065622
0.0,2018-11-18,70.26890756302521,23.69219002294553,0.04407443682664055
1.0,2018-11-25,49.857142857142854,23.362284354550862,0.22037218413320275
1.0,2018-12-02,65.27731092436974,42.142857142857146,0.22037218413320275
3.0,2018-12-09,71.40336134453781,36.40647573723124,0.2644466209598433
3.0,2018-12-16,41.69747899159664,34.010282994816016,0.13222331047992164
8.0,2018-12-23,60.6890756302521,43.42857142857143,0.3085210577864838
1.0,2018-12-30,40.403361344537814,35.2959972805303,0.04407443682664055
0.0,2019-01-06,44.142857142857146,29.219427211693723,0.13222331047992164
12.0,2019-01-13,45.857142857142854,26.384380045891053,1.220372184133203
14.0,2019-01-20,39.134453781512605,27.34018866321068,0.13222331047992164
44.0,2019-01-27,45.680672268907564,27.746664400441915,0.1762977473065622
37.0,2019-02-03,25.56302521008403,28.175235829013342,0.22037218413320275
52.0,2019-02-10,60.285714285714285,28.505141497408005,1.1762977473065623
61.0,2019-02-17,53.680672268907564,24.21942721169372,0.0
54.0,2019-02-24,60.66386554621848,31.263618594374098,0.04407443682664055
22.0,2019-03-03,63.67226890756302,50.42857142857143,0.1762977473065622
17.0,2019-03-10,65.25210084033613,41.285714285714285,0.3085210577864838
17.0,2019-03-17,73.84873949579833,33.120761451516955,1.2644466209598435
10.0,2019-03-24,58.3781512605042,30.263618594374098,0.04407443682664055
7.0,2019-03-31,61.23529411764706,36.857142857142854,0.04407443682664055
0.0,2019-04-07,56.95798319327731,41.97790430865981,1.1322233104799218
0.0,2019-04-14,64.68067226890756,36.933712925979435,0.1762977473065622
0.0,2019-04-21,55.94117647058823,42.197331520353536,0.04407443682664055
0.0,2019-04-28,62.23529411764706,48.67009433160534,0.22037218413320275
0.0,2019-05-05,60.66386554621848,29.098665760176768,0.1762977473065622
0.0,2019-05-12,55.94117647058823,40.285714285714285,0.22037218413320275
0.0,2019-05-19,55.94117647058823,46.933712925979435,0.0881488736532811
0.0,2019-10-06,55.94117647058823,47.50514149740801,0.3085210577864838
0.0,2019-10-13,55.94117647058823,58.07657006883658,1.1322233104799215
0.0,2019-10-20,55.94117647058823,38.84533016061868,0.2644466209598433
0.0,2019-10-27,55.94117647058823,49.197331520353536,0.04407443682664055
0.0,2019-11-03,73.26050420168066,31.527237188748195,0.13222331047992164
0.0,2019-11-10,64.5546218487395,38.97790430865981,0.1762977473065622
0.0,2019-11-17,45.0,11.835047165802669,1.1762977473065621
0.0,2019-11-24,63.142857142857146,20.24152290303391,0.0881488736532811
0.0,2019-12-01,71.0,49.38438004589106,0.2644466209598433
0.0,2019-12-08,57.42857142857143,40.768760091782106,1.0881488736532812
6.0,2019-12-22,71.54621848739495,51.2636185943741,0.22037218413320275
4.0,2019-12-29,60.42857142857143,31.670094331605338,0.22037218413320275
131.0,2009-10-10,67.71428571428571,54.0,37.8
161.0,2009-10-17,53.57142857142857,41.714285714285715,29.199999999999996
394.0,2009-10-24,62.285714285714285,47.285714285714285,33.099999999999994
837.0,2009-10-31,60.142857142857146,50.57142857142857,35.39999999999999
1365.0,2009-11-07,54.42857142857143,41.857142857142854,29.299999999999997
2632.0,2009-11-14,60.0,49.285714285714285,34.5
2246.0,2009-11-21,58.57142857142857,47.42857142857143,33.2
1696.0,2009-11-28,53.0,45.857142857142854,32.1
1030.0,2009-12-05,54.57142857142857,40.142857142857146,28.1
628.0,2009-12-12,40.857142857142854,29.285714285714285,20.5
592.0,2009-12-19,40.42857142857143,28.714285714285715,20.100000000000005
374.0,2009-12-26,38.142857142857146,26.571428571428573,18.599999999999998
363.0,2010-01-02,38.57142857142857,26.285714285714285,18.4
301.0,2010-01-09,30.857142857142858,21.857142857142858,15.3
261.0,2010-01-16,38.57142857142857,26.571428571428573,18.6
247.0,2010-01-23,44.285714285714285,33.857142857142854,23.7
200.0,2010-01-30,40.0,28.0,19.600000000000005
185.0,2010-02-06,34.714285714285715,24.571428571428573,17.200000000000003
123.0,2010-02-13,36.142857142857146,25.142857142857142,17.6
100.0,2010-02-20,39.142857142857146,30.285714285714285,21.2
67.0,2010-02-27,40.0,30.714285714285715,21.5
45.0,2010-03-06,46.57142857142857,34.285714285714285,23.999999999999996
45.0,2010-03-13,54.0,40.714285714285715,28.5
36.0,2010-03-20,62.857142857142854,45.857142857142854,32.099999999999994
32.0,2010-03-27,56.0,42.857142857142854,30.0
28.0,2010-04-03,59.142857142857146,44.714285714285715,31.3
20.0,2010-04-10,75.85714285714286,52.42857142857143,36.7
10.0,2010-04-17,64.28571428571429,48.285714285714285,33.800000000000004
17.0,2010-04-24,66.71428571428571,47.0,32.9
309.0,2010-05-01,64.42857142857143,48.57142857142857,34.0
11.0,2010-05-08,79.42857142857143,59.0,41.300000000000004
6.0,2010-05-15,62.42857142857143,47.142857142857146,33.0
20.0,2010-05-22,72.85714285714286,54.57142857142857,38.2
14.0,2010-10-09,65.71428571428571,52.857142857142854,37.0
21.0,2010-10-16,65.0,50.57142857142857,35.4
19.0,2010-10-23,60.857142857142854,47.285714285714285,33.1
29.0,2010-10-30,68.14285714285714,54.285714285714285,38.00000000000001
24.0,2010-11-06,52.142857142857146,41.142857142857146,28.800000000000004
67.0,2010-11-13,55.42857142857143,42.285714285714285,29.599999999999994
104.0,2010-11-20,56.42857142857143,46.42857142857143,32.5
120.0,2010-11-27,52.142857142857146,40.857142857142854,28.599999999999998
162.0,2010-12-04,47.714285714285715,36.0,25.2
236.0,2010-12-11,36.285714285714285,28.0,19.599999999999998
500.0,2010-12-18,36.714285714285715,24.857142857142858,17.400000000000002
789.0,2010-12-25,36.714285714285715,27.857142857142858,19.5
812.0,2011-01-01,38.714285714285715,28.571428571428573,20.0
1156.0,2011-01-08,37.714285714285715,28.0,19.6
1081.0,2011-01-15,32.42857142857143,22.285714285714285,15.600000000000001
1145.0,2011-01-22,33.857142857142854,23.571428571428573,16.5
988.0,2011-01-29,32.285714285714285,22.428571428571427,15.7
905.0,2011-02-05,35.57142857142857,25.571428571428573,17.900000000000002
835.0,2011-02-12,38.0,25.285714285714285,17.700000000000003
903.0,2011-02-19,53.285714285714285,33.0,23.099999999999998
747.0,2011-02-26,42.42857142857143,25.285714285714285,17.7
708.0,2011-03-05,49.142857142857146,32.0,22.4
439.0,2011-03-12,52.0,37.57142857142857,26.3
323.0,2011-03-19,57.57142857142857,40.42857142857143,28.299999999999997
302.0,2011-03-26,44.57142857142857,32.285714285714285,22.6
227.0,2011-04-02,47.714285714285715,33.0,23.1
197.0,2011-04-09,57.42857142857143,41.142857142857146,28.799999999999997
82.0,2011-04-16,62.714285714285715,44.857142857142854,31.4
102.0,2011-04-23,59.57142857142857,45.0,31.5
30.0,2011-04-30,74.42857142857143,55.714285714285715,39.0
16.0,2011-05-07,68.57142857142857,50.285714285714285,35.2
19.0,2011-05-14,70.85714285714286,53.142857142857146,37.2
16.0,2011-05-21,67.85714285714286,55.57142857142857,38.900000000000006
8.0,2011-10-08,66.57142857142857,49.857142857142854,34.9
8.0,2011-10-15,71.71428571428571,58.57142857142857,41.0
8.0,2011-10-22,63.42857142857143,53.714285714285715,37.6
14.0,2011-10-29,57.0,44.0,30.800000000000004
7.0,2011-11-05,53.142857142857146,40.0,28.0
13.0,2011-11-12,60.142857142857146,44.857142857142854,31.4
12.0,2011-11-19,57.714285714285715,46.57142857142857,32.6
16.0,2011-11-26,58.142857142857146,44.285714285714285,31.0
12.0,2011-12-03,57.142857142857146,44.285714285714285,30.999999999999996
21.0,2011-12-10,54.42857142857143,41.57142857142857,29.1
14.0,2011-12-17,48.57142857142857,35.57142857142857,24.9
19.0,2011-12-24,47.285714285714285,35.0,24.5
16.0,2011-12-31,48.714285714285715,35.0,24.5
17.0,2012-01-07,45.285714285714285,30.0,21.0
32.0,2012-01-14,44.142857142857146,32.857142857142854,23.0
32.0,2012-01-21,39.0,22.285714285714285,15.600000000000001
27.0,2012-01-28,47.0,34.42857142857143,24.1
37.0,2012-02-04,49.285714285714285,36.285714285714285,25.4
57.0,2012-02-11,43.857142857142854,33.0,23.099999999999998
80.0,2012-02-18,44.42857142857143,33.57142857142857,23.5
118.0,2012-02-25,48.857142857142854,36.57142857142857,25.600000000000005
93.0,2012-03-03,47.857142857142854,36.42857142857143,25.5
158.0,2012-03-10,53.285714285714285,35.0,24.5
201.0,2012-03-17,63.0,45.42857142857143,31.800000000000004
265.0,2012-03-24,71.0,53.42857142857143,37.4
235.0,2012-03-31,55.0,39.142857142857146,27.400000000000002
136.0,2012-04-07,59.857142857142854,41.285714285714285,28.9
194.0,2012-04-14,63.142857142857146,45.285714285714285,31.700000000000006
202.0,2012-04-21,73.85714285714286,55.42857142857143,38.8
132.0,2012-04-28,58.0,42.285714285714285,29.6
127.0,2012-05-05,62.857142857142854,49.714285714285715,34.8
120.0,2012-05-12,67.85714285714286,53.0,37.099999999999994
82.0,2012-05-19,74.0,58.285714285714285,40.8
6.0,2012-10-06,72.71428571428571,59.0,41.3
14.0,2012-10-13,57.285714285714285,45.714285714285715,32.0
14.0,2012-10-20,65.85714285714286,52.714285714285715,36.9
15.0,2012-10-27,63.857142857142854,54.142857142857146,37.9
12.0,2012-11-03,54.285714285714285,46.142857142857146,32.3
20.0,2012-11-10,47.857142857142854,35.142857142857146,24.6
43.0,2012-11-17,54.42857142857143,41.0,28.699999999999996
62.0,2012-11-24,51.42857142857143,39.142857142857146,27.400000000000002
135.0,2012-12-01,43.0,35.0,24.500000000000004
394.0,2012-12-08,52.57142857142857,40.0,28.0
803.0,2012-12-15,50.142857142857146,39.142857142857146,27.400000000000002
1526.0,2012-12-22,47.42857142857143,38.714285714285715,27.1
2177.0,2012-12-29,38.857142857142854,31.142857142857142,21.8
2284.0,2013-01-05,36.57142857142857,27.142857142857142,19.0
3144.0,2013-01-12,46.857142857142854,37.714285714285715,26.4
3166.0,2013-01-19,44.285714285714285,34.0,23.8
2097.0,2013-01-26,29.285714285714285,17.142857142857142,12.0
1625.0,2013-02-02,42.714285714285715,28.0,19.599999999999998
1206.0,2013-02-09,32.714285714285715,25.428571428571427,17.8
1103.0,2013-02-16,44.42857142857143,31.714285714285715,22.200000000000003
907.0,2013-02-23,38.285714285714285,25.428571428571427,17.8
866.0,2013-03-02,45.57142857142857,34.714285714285715,24.3
718.0,2013-03-09,44.0,32.0,22.400000000000002
632.0,2013-03-16,48.857142857142854,35.42857142857143,24.799999999999997
540.0,2013-03-23,41.142857142857146,30.285714285714285,21.2
438.0,2013-03-30,51.142857142857146,37.0,25.900000000000002
315.0,2013-04-06,53.42857142857143,36.57142857142857,25.6
228.0,2013-04-13,64.14285714285714,46.57142857142857,32.6
142.0,2013-04-20,62.857142857142854,48.714285714285715,34.099999999999994
80.0,2013-04-27,62.285714285714285,43.857142857142854,30.699999999999996
73.0,2013-05-04,67.14285714285714,49.57142857142857,34.699999999999996
51.0,2013-05-11,69.57142857142857,53.285714285714285,37.3
48.0,2013-05-18,67.71428571428571,52.285714285714285,36.6
20.0,2013-10-05,78.85714285714286,61.285714285714285,42.9
20.0,2013-10-12,68.57142857142857,58.0,40.6
18.0,2013-10-19,67.85714285714286,55.0,38.50000000000001
15.0,2013-10-26,59.0,45.42857142857143,31.800000000000004
22.0,2013-11-02,62.714285714285715,49.57142857142857,34.7
31.0,2013-11-09,54.42857142857143,40.57142857142857,28.400000000000006
49.0,2013-11-16,53.42857142857143,38.42857142857143,26.9
49.0,2013-11-23,54.714285714285715,41.0,28.700000000000003
56.0,2013-11-30,41.0,28.285714285714285,19.799999999999997
145.0,2013-12-07,52.285714285714285,39.0,27.299999999999997
156.0,2013-12-14,34.42857142857143,26.428571428571427,18.5
367.0,2013-12-21,43.857142857142854,32.0,22.4
779.0,2013-12-28,48.42857142857143,35.0,24.500000000000004
962.0,2014-01-04,34.0,20.571428571428573,14.400000000000002
1288.0,2014-01-11,37.57142857142857,21.142857142857142,14.8
1592.0,2014-01-18,47.285714285714285,36.57142857142857,25.6
1503.0,2014-01-25,28.571428571428573,15.285714285714286,10.700000000000001
1258.0,2014-02-01,33.714285714285715,20.142857142857142,14.1
1216.0,2014-02-08,37.285714285714285,26.142857142857142,18.3
930.0,2014-02-15,32.0,21.857142857142858,15.3
718.0,2014-02-22,42.857142857142854,30.285714285714285,21.200000000000003
571.0,2014-03-01,36.714285714285715,22.428571428571427,15.7
728.0,2014-03-08,37.857142857142854,23.571428571428573,16.5
980.0,2014-03-15,50.42857142857143,33.0,23.099999999999998
1254.0,2014-03-22,47.714285714285715,33.285714285714285,23.299999999999997
1788.0,2014-03-29,45.285714285714285,28.571428571428573,20.0
2208.0,2014-04-05,55.285714285714285,40.285714285714285,28.200000000000006
2094.0,2014-04-12,63.57142857142857,45.42857142857143,31.799999999999997
1462.0,2014-04-19,61.285714285714285,41.285714285714285,28.900000000000002
823.0,2014-04-26,64.42857142857143,44.714285714285715,31.300000000000008
557.0,2014-05-03,64.14285714285714,48.142857142857146,33.7
331.0,2014-05-10,68.57142857142857,53.0,37.1
245.0,2014-05-17,74.28571428571429,56.857142857142854,39.8
14.0,2014-10-04,72.71428571428571,60.42857142857143,42.300000000000004
24.0,2014-10-11,66.57142857142857,54.0,37.8
33.0,2014-10-18,70.42857142857143,58.285714285714285,40.800000000000004
30.0,2014-10-25,60.57142857142857,48.857142857142854,34.2
42.0,2014-11-01,61.57142857142857,48.42857142857143,33.9
42.0,2014-11-08,57.0,44.714285714285715,31.3
55.0,2014-11-15,54.142857142857146,41.42857142857143,29.000000000000004
75.0,2014-11-22,43.42857142857143,29.714285714285715,20.8
132.0,2014-11-29,52.142857142857146,38.714285714285715,27.099999999999994
217.0,2014-12-06,49.714285714285715,39.0,27.299999999999994
275.0,2014-12-13,40.142857142857146,31.285714285714285,21.9
655.0,2014-12-20,44.285714285714285,36.142857142857146,25.3
1271.0,2014-12-27,50.142857142857146,40.142857142857146,28.1
1565.0,2015-01-03,41.0,32.42857142857143,22.7
1887.0,2015-01-10,32.42857142857143,19.0,13.3
2251.0,2015-01-17,36.285714285714285,21.142857142857142,14.8
2805.0,2015-01-24,39.714285714285715,30.857142857142858,21.6
2505.0,2015-01-31,33.857142857142854,20.0,14.000000000000004
1886.0,2015-02-07,35.42857142857143,17.428571428571427,12.2
1617.0,2015-02-14,33.285714285714285,20.285714285714285,14.2
1064.0,2015-02-21,26.285714285714285,9.0,8.1
723.0,2015-02-28,33.285714285714285,16.571428571428573,11.600000000000001
581.0,2015-03-07,36.714285714285715,22.428571428571427,15.7
922.0,2015-03-14,50.857142857142854,38.142857142857146,26.700000000000003
305.0,2015-03-21,45.714285714285715,31.571428571428573,22.099999999999998
327.0,2015-03-28,46.142857142857146,31.142857142857142,21.8
249.0,2015-04-04,55.57142857142857,38.57142857142857,26.999999999999996
239.0,2015-04-11,55.285714285714285,40.42857142857143,28.299999999999997
175.0,2015-04-17,55.285714285714285,40.42857142857143,28.299999999999997
123.0,2015-04-25,60.142857142857146,44.57142857142857,31.200000000000003
121.0,2015-05-02,68.42857142857143,48.57142857142857,34.0
95.0,2015-05-09,79.28571428571429,57.42857142857143,40.2
66.0,2015-05-16,78.0,58.57142857142857,41.0
42.0,2015-05-23,73.0,56.142857142857146,39.300000000000004
24.0,2015-10-10,70.14285714285714,55.0,38.5
21.0,2015-10-17,67.28571428571429,53.285714285714285,37.3
23.0,2015-10-24,63.714285714285715,45.857142857142854,32.1
35.0,2015-10-31,63.42857142857143,48.42857142857143,33.9
28.0,2015-11-07,69.57142857142857,55.285714285714285,38.7
35.0,2015-11-14,56.857142857142854,46.857142857142854,32.800000000000004
38.0,2015-11-21,59.42857142857143,45.857142857142854,32.1
43.0,2015-11-28,54.714285714285715,40.0,28.0
46.0,2015-12-05,51.57142857142857,41.0,28.699999999999996
50.0,2015-12-12,56.857142857142854,45.42857142857143,31.799999999999997
53.0,2015-12-19,58.714285714285715,47.142857142857146,33.0
65.0,2015-12-26,60.285714285714285,49.285714285714285,34.5
56.0,2016-01-02,47.285714285714285,37.142857142857146,25.999999999999996
120.0,2016-01-09,41.42857142857143,26.714285714285715,18.7
158.0,2016-01-16,44.857142857142854,30.142857142857142,21.099999999999998
276.0,2016-01-23,33.0,23.142857142857142,16.2
377.0,2016-01-30,41.57142857142857,30.0,21.0
722.0,2016-02-06,52.42857142857143,37.857142857142854,26.5
1290.0,2016-02-13,34.42857142857143,22.571428571428573,15.8
1968.0,2016-02-20,39.857142857142854,24.571428571428573,17.3
2837.0,2016-02-27,49.714285714285715,34.714285714285715,24.3
3690.0,2016-03-05,49.142857142857146,33.857142857142854,23.700000000000003
4198.0,2016-03-12,64.85714285714286,44.285714285714285,31.0
3708.0,2016-03-19,57.285714285714285,43.57142857142857,30.499999999999996
2419.0,2016-03-26,57.42857142857143,39.0,27.3
1870.0,2016-04-02,62.714285714285715,45.857142857142854,32.1
1340.0,2016-04-09,48.142857142857146,34.714285714285715,24.3
1236.0,2016-04-16,61.0,41.0,28.699999999999996
1136.0,2016-04-23,74.57142857142857,52.0,36.4
947.0,2016-04-30,63.0,47.0,32.9
636.0,2016-05-07,55.714285714285715,47.285714285714285,33.1
425.0,2016-05-14,70.71428571428571,52.857142857142854,37.0
376.0,2016-05-21,67.42857142857143,50.57142857142857,35.4
34.0,2016-10-08,69.57142857142857,57.142857142857146,40.0
51.0,2016-10-15,64.57142857142857,48.857142857142854,34.2
35.0,2016-10-22,73.14285714285714,59.142857142857146,41.400000000000006
32.0,2016-10-29,56.57142857142857,42.0,29.400000000000002
71.0,2016-11-05,64.71428571428571,48.57142857142857,34.0
59.0,2016-11-12,58.0,42.0,29.400000000000002
97.0,2016-11-19,61.142857142857146,44.142857142857146,30.899999999999995
150.0,2016-11-26,45.857142857142854,37.857142857142854,26.5
240.0,2016-12-03,53.142857142857146,43.0,30.099999999999994
311.0,2016-12-10,43.857142857142854,35.142857142857146,24.599999999999998
515.0,2016-12-17,38.0,27.285714285714285,19.099999999999998
1275.0,2016-12-24,43.57142857142857,31.0,21.700000000000003
2435.0,2016-12-31,47.142857142857146,34.285714285714285,24.000000000000004
2418.0,2017-01-07,39.57142857142857,31.714285714285715,22.2
2629.0,2017-01-14,44.0,28.571428571428573,20.0
3240.0,2017-01-21,43.857142857142854,36.57142857142857,25.6
3570.0,2017-01-28,45.57142857142857,37.57142857142857,26.3
3409.0,2017-02-04,39.0,29.142857142857142,20.4
3593.0,2017-02-11,45.714285714285715,29.857142857142858,20.9
2634.0,2017-02-18,43.714285714285715,30.428571428571427,21.3
2209.0,2017-02-25,60.285714285714285,44.857142857142854,31.400000000000006
1224.0,2017-03-04,51.42857142857143,35.42857142857143,24.8
936.0,2017-03-11,47.714285714285715,30.857142857142858,21.599999999999998
840.0,2017-03-18,35.42857142857143,23.857142857142858,16.7
1082.0,2017-03-25,52.714285714285715,33.42857142857143,23.4
1277.0,2017-04-01,49.142857142857146,38.42857142857143,26.9
1339.0,2017-04-08,57.57142857142857,42.57142857142857,29.8
1109.0,2017-04-15,70.42857142857143,52.0,36.4
755.0,2017-04-22,65.14285714285714,50.857142857142854,35.6
448.0,2017-04-29,68.57142857142857,53.57142857142857,37.5
274.0,2017-05-06,67.28571428571429,52.0,36.4
150.0,2017-05-13,59.857142857142854,47.285714285714285,33.10000000000001
116.0,2017-05-20,78.85714285714286,59.42857142857143,41.6
29.0,2017-10-07,76.14285714285714,59.142857142857146,41.4
34.0,2017-10-14,73.57142857142857,62.42857142857143,43.7
64.0,2017-10-21,70.71428571428571,53.142857142857146,37.199999999999996
84.0,2017-10-28,68.57142857142857,56.285714285714285,39.4
75.0,2017-11-04,63.714285714285715,49.857142857142854,34.9
80.0,2017-11-11,52.714285714285715,37.714285714285715,26.399999999999995
96.0,2017-11-18,50.285714285714285,36.714285714285715,25.7
128.0,2017-11-25,52.857142857142854,37.142857142857146,26.000000000000004
255.0,2017-12-02,53.142857142857146,39.42857142857143,27.599999999999998
317.0,2017-12-09,48.142857142857146,39.0,27.299999999999997
546.0,2017-12-16,37.142857142857146,25.142857142857142,17.6
1029.0,2017-12-23,46.857142857142854,35.714285714285715,25.0
1642.0,2017-12-30,27.714285714285715,20.428571428571427,14.299999999999995
2173.0,2018-01-06,22.428571428571427,11.285714285714286,1.6600000000000001
3574.0,2018-01-13,44.0,26.571428571428573,0.6000000000000001
5115.0,2018-01-20,36.0,22.571428571428573,0.19
7082.0,2018-01-27,47.285714285714285,32.714285714285715,0.31
10157.0,2018-02-03,41.142857142857146,26.857142857142858,0.55
10242.0,2018-02-10,41.42857142857143,28.857142857142858,2.39
11992.0,2018-02-17,53.57142857142857,35.42857142857143,2.06
8866.0,2018-02-24,56.285714285714285,40.857142857142854,0.42000000000000004
3636.0,2018-03-03,52.285714285714285,39.714285714285715,2.9699999999999998
1844.0,2018-03-10,42.0,32.285714285714285,1.41
1460.0,2018-03-17,43.57142857142857,31.0,0.37000000000000005
1347.0,2018-03-24,45.42857142857143,32.0,1.05
1608.0,2018-03-31,52.42857142857143,38.714285714285715,0.1
970.0,2018-04-07,51.142857142857146,37.57142857142857,1.0
815.0,2018-04-14,59.857142857142854,41.285714285714285,0.01
570.0,2018-04-21,52.57142857142857,38.142857142857146,0.902
436.0,2018-04-28,65.42857142857143,49.142857142857146,1.2500000000000002
290.0,2018-05-05,76.0,58.142857142857146,0.1
173.0,2018-05-12,70.85714285714286,54.57142857142857,0.47
106.0,2018-05-19,67.28571428571429,54.57142857142857,1.9200000000000002
48.0,2018-10-06,73.14285714285714,61.285714285714285,0.73
56.0,2018-10-13,72.85714285714286,62.0,1.37
58.0,2018-10-20,59.857142857142854,46.857142857142854,0.12000000000000001
85.0,2018-10-27,52.857142857142854,41.857142857142854,1.27
91.0,2018-11-03,62.0,49.57142857142857,0.69
131.0,2018-11-10,55.285714285714285,44.285714285714285,1.78
144.0,2018-11-17,45.714285714285715,34.857142857142854,2.57
211.0,2018-11-24,42.0,29.857142857142858,0.97
407.0,2018-12-01,47.142857142857146,39.285714285714285,1.7600000000000002
524.0,2018-12-08,44.142857142857146,32.714285714285715,0.59
1074.0,2018-12-15,42.857142857142854,34.0,0.27
1843.0,2018-12-22,48.0,35.714285714285715,3.31
2696.0,2018-12-29,47.142857142857146,36.57142857142857,1.27
2948.0,2019-01-05,46.285714285714285,36.57142857142857,1.58
3011.0,2019-01-12,38.714285714285715,27.571428571428573,0.22999999999999998
3729.0,2019-01-19,35.57142857142857,26.714285714285715,0.33999999999999997
4936.0,2019-01-26,39.0,21.285714285714285,2.21
4748.0,2019-02-02,33.714285714285715,16.714285714285715,0.24000000000000002
5680.0,2019-02-09,50.857142857142854,35.285714285714285,0.89
5598.0,2019-02-16,43.142857142857146,31.285714285714285,0.83
5138.0,2019-02-23,41.0,28.857142857142858,0.8099999999999999
3521.0,2019-03-02,38.57142857142857,28.0,1.25
3007.0,2019-03-09,36.857142857142854,25.142857142857142,0.81
3116.0,2019-03-16,54.142857142857146,38.285714285714285,0.93
2693.0,2019-03-23,48.285714285714285,36.0,1.4300000000000002
2120.0,2019-03-30,56.285714285714285,40.714285714285715,0.0
1862.0,2019-04-06,57.57142857142857,39.0,0.26
1566.0,2019-04-13,65.14285714285714,48.0,1.1600000000000001
933.0,2019-04-20,67.57142857142857,51.714285714285715,1.69
497.0,2019-04-27,65.57142857142857,51.714285714285715,1.4400000000000002
290.0,2019-05-04,62.0,48.142857142857146,0.24000000000000002
177.0,2019-05-11,68.0,53.42857142857143,1.5000000000000002
125.0,2019-05-18,64.57142857142857,48.714285714285715,2.4799999999999995
69.0,2019-10-05,73.57142857142857,57.0,0.37
69.0,2019-10-12,67.71428571428571,55.285714285714285,0.77
71.0,2019-10-19,63.42857142857143,50.714285714285715,1.83
102.0,2019-10-26,64.14285714285714,51.857142857142854,1.13
143.0,2019-11-02,63.857142857142854,52.0,2.1599999999999997
230.0,2019-11-09,52.0,39.42857142857143,0.1
339.0,2019-11-17,52.0,39.42857142857143,0.1
607.0,2019-11-23,47.57142857142857,36.857142857142854,0.76
961.0,2019-11-30,50.714285714285715,38.57142857142857,0.94
1514.0,2019-12-07,40.142857142857146,31.857142857142858,1.12
2631.0,2019-12-14,48.42857142857143,34.857142857142854,3.9300000000000006
4032.0,2019-12-21,35.714285714285715,26.285714285714285,1.03
7150.0,2019-12-28,49.714285714285715,37.714285714285715,0.0
7521.0,2020-01-04,43.333333333333336,37.333333333333336,2.3566666666666665
8527.0,2020-01-11,43.333333333333336,37.333333333333336,2.3566666666666665
10291.0,2020-01-18,43.333333333333336,37.333333333333336,2.3566666666666665
10956.0,2020-01-25,43.333333333333336,37.333333333333336,2.3566666666666665
11599.0,2020-02-01,43.333333333333336,37.333333333333336,2.3566666666666665
11043.0,2020-02-08,43.333333333333336,37.333333333333336,2.3566666666666665
8283.0,2020-02-15,43.333333333333336,37.333333333333336,2.3566666666666665
5227.0,2020-02-22,43.333333333333336,37.333333333333336,2.3566666666666665
3962.0,2020-02-29,43.333333333333336,37.333333333333336,2.3566666666666665
3693.0,2020-03-07,43.333333333333336,37.333333333333336,2.3566666666666665
3019.0,2020-03-14,43.333333333333336,37.333333333333336,2.3566666666666665
1375.0,2020-03-21,43.333333333333336,37.333333333333336,2.3566666666666665
244.0,2020-03-28,43.333333333333336,37.333333333333336,2.3566666666666665
111.0,2020-04-04,43.333333333333336,37.333333333333336,2.3566666666666665
63.0,2020-04-11,43.333333333333336,37.333333333333336,2.3566666666666665
